1,Melosa,Peirpoint,mpeirpoint0@nasa.gov,Female,28
2,Pavia,Noe,pnoe1@hhs.gov,Female,30
3,Kaylee,Rosendale,krosendale2@baidu.com,Female,64
4,Sandro,Quickfall,squickfall3@wufoo.com,Male,47
5,Walther,Landrick,wlandrick4@mapy.cz,Male,42
6,Tann,Dulany,tdulany5@microsoft.com,Male,18
7,Lorilyn,Kingman,lkingman6@shop-pro.jp,Female,22
8,Raffarty,Gibbon,rgibbon7@cloudflare.com,Male,41
9,Ivar,Mityukov,imityukov8@cargocollective.com,Male,32
10,Alicia,Jeannenet,ajeannenet9@xing.com,Female,45
11,Thekla,Camier,tcamiera@geocities.com,Female,52
12,Lalo,Lorenzini,llorenzinib@geocities.jp,Male,22
13,Clemente,Snalham,csnalhamc@engadget.com,Male,40
14,Carine,Nelthorpe,cnelthorped@mapquest.com,Female,34
15,Dulsea,Doughtery,ddoughterye@bizjournals.com,Female,39
16,Flossie,Gillyett,fgillyettf@lycos.com,Female,59
17,Marcia,Attewell,mattewellg@home.pl,Female,25
18,Anissa,Scothern,ascothernh@hibu.com,Female,36
19,Germaine,Duro,gduroi@ca.gov,Female,42
20,Aldis,Standon,astandonj@drupal.org,Male,20
21,Bink,Risebrow,brisebrowk@nymag.com,Male,58
22,Marja,Jakab,mjakabl@opensource.org,Female,33
23,Sid,Pagel,spagelm@state.tx.us,Male,60
24,Junette,Ipsgrave,jipsgraven@alibaba.com,Female,29
25,Dimitry,Lengthorn,dlengthorno@google.fr,Male,34
26,Caryn,Stride,cstridep@time.com,Female,40
27,Waly,Tumasian,wtumasianq@ox.ac.uk,Female,54
28,Netti,Tomovic,ntomovicr@mtv.com,Female,38
29,Carney,Vargas,cvargass@epa.gov,Male,26
30,Chrysler,Rookesby,crookesbyt@aol.com,Female,61
31,Mela,Balcon,mbalconu@mit.edu,Female,51
32,Helen-elizabeth,McGeorge,hmcgeorgev@slate.com,Female,29
33,Zaccaria,Corteney,zcorteneyw@mashable.com,Male,45
34,Merrel,Crocken,mcrockenx@pen.io,Male,23
35,Golda,Louth,glouthy@ezinearticles.com,Female,44
36,Gerik,Cortes,gcortesz@zimbio.com,Male,62
37,Dalton,Jump,djump10@php.net,Male,19
38,Bradan,Killner,bkillner11@dagondesign.com,Male,50
39,Christina,Luckcuck,cluckcuck12@xing.com,Female,32
40,Park,Moxon,pmoxon13@constantcontact.com,Male,22
41,Catherine,Flockhart,cflockhart14@twitter.com,Female,59
42,Doreen,Ruddock,druddock15@mozilla.org,Female,36
43,Swen,Ingleston,singleston16@com.com,Male,58
44,Marline,Allom,mallom17@technorati.com,Female,21
45,Petronia,Merkel,pmerkel18@bloglovin.com,Female,30
46,Janey,Macek,jmacek19@people.com.cn,Female,34
47,Lexie,Edmand,ledmand1a@networkadvertising.org,Female,40
48,Scott,Rosenstengel,srosenstengel1b@weebly.com,Male,64
49,Amandie,Lailey,alailey1c@tinypic.com,Female,24
50,Tracey,Pitcher,tpitcher1d@g.co,Male,44
51,Torrin,Hatcher,thatcher1e@bluehost.com,Male,65
52,Bobbee,Reagan,breagan1f@scribd.com,Female,36
53,Evie,Bedberry,ebedberry1g@tripadvisor.com,Female,49
54,Nikolaos,Fills,nfills1h@ebay.com,Male,42
55,Obie,Valerio,ovalerio1i@wikia.com,Male,21
56,Lia,Loukes,lloukes1j@mtv.com,Female,59
57,Ralf,Bertolin,rbertolin1k@berkeley.edu,Male,55
58,Rozalin,Heppner,rheppner1l@meetup.com,Female,60
59,Allyce,Biddiss,abiddiss1m@netvibes.com,Female,64
60,Elsey,Thody,ethody1n@multiply.com,Female,50
61,Pearle,Roslen,proslen1o@auda.org.au,Female,60
62,Hobey,Moylan,hmoylan1p@4shared.com,Male,18
63,Inigo,Angrock,iangrock1q@google.it,Male,40
64,Jilli,Crain,jcrain1r@mtv.com,Female,25
65,Laurene,Hubert,lhubert1s@fda.gov,Female,38
66,Henryetta,Skyppe,hskyppe1t@nasa.gov,Female,46
67,Fabiano,Aiken,faiken1u@163.com,Male,25
68,Page,Kinkade,pkinkade1v@nifty.com,Male,63
69,Colas,Bonefant,cbonefant1w@google.cn,Male,56
70,Benny,Merriday,bmerriday1x@go.com,Male,49
71,Kara-lynn,Spellward,kspellward1y@cornell.edu,Female,64
72,Giuditta,Wardrope,gwardrope1z@google.com.au,Female,52
73,Derrick,Birchner,dbirchner20@epa.gov,Male,45
74,Dylan,Crewes,dcrewes21@npr.org,Male,25
75,Humfrid,Stallwood,hstallwood22@wikispaces.com,Male,46
76,Layton,Appleby,lappleby23@facebook.com,Male,36
77,Alla,Povall,apovall24@comcast.net,Female,22
78,Jecho,Enriquez,jenriquez25@cpanel.net,Male,39
79,Elnar,Van der Brugge,evanderbrugge26@bravesites.com,Male,26
80,Eirena,Harbard,eharbard27@jugem.jp,Female,30
81,Freida,Duns,fduns28@wordpress.com,Female,52
82,Neila,Passey,npassey29@tumblr.com,Female,47
83,Cristiano,Woollard,cwoollard2a@youtube.com,Male,52
84,Sheppard,Knotte,sknotte2b@meetup.com,Male,46
85,Saudra,Gisbye,sgisbye2c@yolasite.com,Female,53
86,Benjamen,Dyson,bdyson2d@multiply.com,Male,23
87,Chelsey,Sunderland,csunderland2e@mediafire.com,Female,28
88,Peterus,Belchambers,pbelchambers2f@walmart.com,Male,56
89,Anita,Dionisetti,adionisetti2g@yelp.com,Female,49
90,Teodoor,Castan,tcastan2h@mapquest.com,Male,29
91,Aurelie,Flowerden,aflowerden2i@nytimes.com,Female,61
92,Ulises,Jenkison,ujenkison2j@wsj.com,Male,36
93,Cletus,Cranidge,ccranidge2k@addtoany.com,Male,20
94,Andrea,Reisin,areisin2l@stanford.edu,Female,40
95,Nickolas,Syncke,nsyncke2m@g.co,Male,57
96,Miguel,Jimson,mjimson2n@redcross.org,Male,49
97,Robby,Nossent,rnossent2o@bloomberg.com,Female,21
98,Rudyard,McCaghan,rmccaghan2p@sbwire.com,Male,29
99,Katey,Szymanowicz,kszymanowicz2q@ebay.com,Female,59
100,Adella,Gheeraert,agheeraert2r@sohu.com,Female,40